<application>
  <component name="GwtSdkManager">
    <gwt-sdk-list>
      <gwt-sdk url="file://$MAVEN_REPOSITORY$/com/google/gwt/gwt-dev/2.7.0" />
      <gwt-sdk url="file://$MAVEN_REPOSITORY$/com/google/gwt/gwt-dev/2.7.0" />
      <gwt-sdk url="file://$MAVEN_REPOSITORY$/com/google/gwt/gwt-dev/2.7.0" />
      <gwt-sdk url="file://$MAVEN_REPOSITORY$/com/google/gwt/gwt-dev/2.7.0" />
    </gwt-sdk-list>
  </component>
  <component name="libraryTable">
    <library name="0608a166ed" type="javaScript">
      <properties>
        <sourceFilesUrls>
          <item url="file://$APPLICATION_CONFIG_DIR$/javascript/extLibs/http_kit.fontawesome.com_0608a166ed.js" />
        </sourceFilesUrls>
      </properties>
      <CLASSES>
        <root url="file://$APPLICATION_CONFIG_DIR$/javascript/extLibs/http_kit.fontawesome.com_0608a166ed.js" />
      </CLASSES>
      <JAVADOC />
      <SOURCES />
    </library>
  </component>
</application>