<application>
  <component name="dataSourceStorage" format="xml" multifile-model="true">
    <data-source source="LOCAL" name="Bredero - ontwikkel  ACC1 (PgSQL)" group="Bredero" uuid="82ea7464-0dd1-4114-bd87-0fbbb21b80fc">
      <driver-ref>postgresql</driver-ref>
      <synchronize>true</synchronize>
      <auto-commit>false</auto-commit>
      <jdbc-driver>org.postgresql.Driver</jdbc-driver>
      <jdbc-url>jdbc:postgresql://brederoacc1-postgres-on-1.vm.cumuli.be:5432/bredero_ontwikkel</jdbc-url>
    </data-source>
    <data-source source="LOCAL" name="Bredero - oefen - SU" group="Bredero" uuid="e6f175f8-cd13-4e7d-aea7-5dc91fbfeb84">
      <driver-ref>postgresql</driver-ref>
      <synchronize>true</synchronize>
      <auto-commit>false</auto-commit>
      <jdbc-driver>org.postgresql.Driver</jdbc-driver>
      <jdbc-url>jdbc:postgresql://bredero-postgres-oe-1.vm.cumuli.be:5432/bredero_oefen</jdbc-url>
    </data-source>
    <data-source source="LOCAL" name="Bredero - oefen" group="Bredero" uuid="8863e802-9f22-4f0f-82a7-0b14a014c1c0">
      <driver-ref>postgresql</driver-ref>
      <synchronize>true</synchronize>
      <auto-commit>false</auto-commit>
      <jdbc-driver>org.postgresql.Driver</jdbc-driver>
      <jdbc-url>jdbc:postgresql://bredero-postgres-oe-1.vm.cumuli.be:5432/bredero_oefen</jdbc-url>
    </data-source>
    <data-source source="LOCAL" name="Bredero - productie - APPL" group="Bredero" uuid="75fd657e-29a3-4b01-a52e-80687d7e2007">
      <driver-ref>postgresql</driver-ref>
      <synchronize>true</synchronize>
      <jdbc-driver>org.postgresql.Driver</jdbc-driver>
      <jdbc-url>jdbc:postgresql://bredero-postgres-pr-1.vm.cumuli.be:5432/bredero_productie</jdbc-url>
    </data-source>
    <data-source source="LOCAL" name="Bredero - ontwikkel  ACC2 (PgSQL)" group="Bredero" uuid="359ff7c3-85de-42c2-a71e-09d2fd088575">
      <driver-ref>postgresql</driver-ref>
      <synchronize>true</synchronize>
      <auto-commit>false</auto-commit>
      <jdbc-driver>org.postgresql.Driver</jdbc-driver>
      <jdbc-url>jdbc:postgresql://brederoacc2-postgres-on-1.vm.cumuli.be:5432/bredero_ontwikkel</jdbc-url>
    </data-source>
    <data-source source="LOCAL" name="Bredero - ontwikkel (PgSQL)" group="Bredero" uuid="2fb3a699-3ec4-4ebe-9183-e77e456bd09e">
      <driver-ref>postgresql</driver-ref>
      <synchronize>true</synchronize>
      <auto-commit>false</auto-commit>
      <jdbc-driver>org.postgresql.Driver</jdbc-driver>
      <jdbc-url>jdbc:postgresql://bredero-postgres-on-1.vm.cumuli.be:5432/bredero_ontwikkel</jdbc-url>
    </data-source>
    <data-source source="LOCAL" name="lel@localhost" group="LEL" uuid="7dc513a3-a47b-408a-a621-af4f5ec0f454">
      <driver-ref>postgresql</driver-ref>
      <synchronize>true</synchronize>
      <jdbc-driver>org.postgresql.Driver</jdbc-driver>
      <jdbc-url>jdbc:postgresql://localhost:5432/loketerkenningenleefmilieu</jdbc-url>
    </data-source>
    <data-source source="LOCAL" name="mercpub-on" group="Geoserver" uuid="b1e1f650-c0bd-4e94-a215-a678e8769fd6">
      <driver-ref>postgresql</driver-ref>
      <synchronize>true</synchronize>
      <jdbc-driver>org.postgresql.Driver</jdbc-driver>
      <jdbc-url>jdbc:postgresql://mercatorpubliek-postgres-on-1.vm.cumuli.be:5432/mercatorpubliek_ontwikkel</jdbc-url>
    </data-source>
    <data-source source="LOCAL" name="mercpub-on-config" group="Geoserver" uuid="4900d977-68df-4259-a8ce-de355ba9fbd9">
      <driver-ref>postgresql</driver-ref>
      <synchronize>true</synchronize>
      <jdbc-driver>org.postgresql.Driver</jdbc-driver>
      <jdbc-url>jdbc:postgresql://mercatorpubliekgeoserver-postgres-on-1.vm.cumuli.be:5432/mercatorpubliekgeoserver_ontwikkel</jdbc-url>
    </data-source>
    <data-source source="LOCAL" name="mercpub-oe-config" group="Geoserver" uuid="745dbe9e-f1df-4793-8eae-87dd5dcee47c">
      <driver-ref>postgresql</driver-ref>
      <synchronize>true</synchronize>
      <jdbc-driver>org.postgresql.Driver</jdbc-driver>
      <jdbc-url>jdbc:postgresql://mercatorpubliekgeoserver-postgres-oe-1.vm.cumuli.be:5432/mercatorpubliekgeoserver_oefen</jdbc-url>
      <working-dir>$ProjectFileDir$</working-dir>
    </data-source>
    <data-source source="LOCAL" name="mercpub-pr-config" group="Geoserver" uuid="15060f70-3070-447b-b6c2-2b5cb112cdec">
      <driver-ref>postgresql</driver-ref>
      <synchronize>true</synchronize>
      <jdbc-driver>org.postgresql.Driver</jdbc-driver>
      <jdbc-url>jdbc:postgresql://mercatorpubliekgeoserver-postgres-pr-1.vm.cumuli.be:5432/mercatorpubliekgeoserver_productie</jdbc-url>
      <working-dir>$ProjectFileDir$</working-dir>
    </data-source>
    <data-source source="LOCAL" name="mercpub-oe" group="Geoserver" uuid="4e803e40-29b0-4eb8-aa8e-69e80c4c9841">
      <driver-ref>postgresql</driver-ref>
      <synchronize>true</synchronize>
      <jdbc-driver>org.postgresql.Driver</jdbc-driver>
      <jdbc-url>jdbc:postgresql://mercatorpubliek-postgres-oe-1.vm.cumuli.be:5432/mercatorpubliek_oefen</jdbc-url>
      <working-dir>$ProjectFileDir$</working-dir>
    </data-source>
    <data-source source="LOCAL" name="mercpub-pr" group="Geoserver" uuid="e7792221-c238-4b4f-96de-323558841ec0">
      <driver-ref>postgresql</driver-ref>
      <synchronize>true</synchronize>
      <jdbc-driver>org.postgresql.Driver</jdbc-driver>
      <jdbc-url>jdbc:postgresql://mercatorpubliek-postgres-pr-1.vm.cumuli.be:5432/mercatorpubliek_productie</jdbc-url>
      <working-dir>$ProjectFileDir$</working-dir>
    </data-source>
    <data-source source="LOCAL" name="merc-intern-pr" group="Geoserver" uuid="eed79db2-1771-40c3-8889-c542f616d70e">
      <driver-ref>postgresql</driver-ref>
      <synchronize>true</synchronize>
      <jdbc-driver>org.postgresql.Driver</jdbc-driver>
      <jdbc-url>jdbc:postgresql://mercatorintern-postgres-pr-1.vm.cumuli.be:5432/mercatorintern_productie</jdbc-url>
      <working-dir>$ProjectFileDir$</working-dir>
    </data-source>
    <data-source source="LOCAL" name="merc-intern-oe" group="Geoserver" uuid="b2fac5b8-4eab-4414-90c8-8ad126ce4c3b">
      <driver-ref>postgresql</driver-ref>
      <synchronize>true</synchronize>
      <jdbc-driver>org.postgresql.Driver</jdbc-driver>
      <jdbc-url>jdbc:postgresql://mercatorintern-postgres-oe-1.vm.cumuli.be:5432/mercatorintern_oefen</jdbc-url>
      <working-dir>$ProjectFileDir$</working-dir>
    </data-source>
    <data-source source="LOCAL" name="airbox-on" group="Airbox" uuid="cdccae9e-b86f-4d57-b1ae-1e3eff301b59">
      <driver-ref>postgresql</driver-ref>
      <synchronize>true</synchronize>
      <jdbc-driver>org.postgresql.Driver</jdbc-driver>
      <jdbc-url>jdbc:postgresql://airbox-postgres-on-1.vm.cumuli.be:5432/airbox_ontwikkel</jdbc-url>
      <working-dir>$ProjectFileDir$</working-dir>
    </data-source>
    <data-source source="LOCAL" name="iotp-on" group="Airbox" uuid="b18717b7-266a-480a-8d7c-721d6432cdf1">
      <driver-ref>postgresql</driver-ref>
      <synchronize>true</synchronize>
      <jdbc-driver>org.postgresql.Driver</jdbc-driver>
      <jdbc-url>jdbc:postgresql://iotp-postgres-on-1.vm.cumuli.be:5432/iotp_ontwikkel</jdbc-url>
      <working-dir>$ProjectFileDir$</working-dir>
    </data-source>
  </component>
</application>