<application>
  <component name="FileTypeManager" version="18">
    <extensionMap>
      <mapping ext="gradle.kts" type="Kotlin" />
      <mapping ext="main.kts" type="Kotlin" />
      <mapping pattern="preinst" type="PLAIN_TEXT" />
      <mapping pattern="control" type="PLAIN_TEXT" />
      <mapping pattern="postinst" type="PLAIN_TEXT" />
      <mapping pattern="LICENSE" type="PLAIN_TEXT" />
      <mapping pattern="inventory" type="PLAIN_TEXT" />
      <mapping ext="hash" type="PLAIN_TEXT" />
      <mapping ext="service" type="PLAIN_TEXT" />
      <mapping ext="icls" type="XML" />
      <removed_mapping ext="apk" approved="true" type="ARCHIVE" />
      <removed_mapping ext="psd" approved="true" type="Image" />
    </extensionMap>
  </component>
</application>