<application>
  <component name="LanguageInjectionConfiguration">
    <injection language="JPAQL" injector-id="java">
      <display-name>Orm (be.vlaanderen.omgeving.bredero.orm)</display-name>
      <place><![CDATA[psiParameter().ofMethod(0, psiMethod().withName("createNumberQuery").withParameters("java.lang.String").definedInClass("be.vlaanderen.omgeving.bredero.orm.Orm"))]]></place>
      <place><![CDATA[psiParameter().ofMethod(0, psiMethod().withName("createTypedQuery").withParameters("java.lang.String").definedInClass("be.vlaanderen.omgeving.bredero.orm.Orm"))]]></place>
      <place disabled="true"><![CDATA[psiParameter().ofMethod(0, psiMethod().withName("find").definedInClass("org.springframework.orm.jpa.JpaOperations"))]]></place>
      <place disabled="true"><![CDATA[psiParameter().ofMethod(0, psiMethod().withName("findByNamedParams").definedInClass("org.springframework.orm.jpa.JpaOperations"))]]></place>
    </injection>
  </component>
</application>